id,EDUCATION,SOUTH,SEX,EXPERIENCE,UNION,WAGE,AGE,RACE,OCCUPATION,SECTOR,MARR
1,8,no,female,21,not_member,5.1,35,Hispanic,Other,Manufacturing,Married
2,9,no,female,42,not_member,4.95,57,White,Other,Manufacturing,Married
3,12,no,male,1,not_member,6.67,19,White,Other,Manufacturing,Unmarried
4,12,no,male,4,not_member,4,22,White,Other,Other,Unmarried
5,12,no,male,17,not_member,7.5,35,White,Other,Other,Married
6,13,no,male,9,member,13.07,28,White,Other,Other,Unmarried
7,10,yes,male,27,not_member,4.45,43,White,Other,Other,Unmarried
8,12,no,male,9,not_member,19.47,27,White,Other,Other,Unmarried
9,16,no,male,11,not_member,13.28,33,White,Other,Manufacturing,Married
10,12,no,male,9,not_member,8.75,27,White,Other,Other,Unmarried
11,12,no,male,17,member,11.35,35,White,Other,Other,Married
12,12,no,male,19,member,11.5,37,White,Other,Manufacturing,Unmarried
13,8,yes,male,27,not_member,6.5,41,White,Other,Other,Married
14,9,yes,male,30,member,6.25,45,White,Other,Other,Unmarried
15,9,yes,male,29,not_member,19.98,44,White,Other,Other,Married
16,12,no,male,37,not_member,7.3,55,White,Other,Construction,Married
17,7,yes,male,44,not_member,8,57,White,Other,Other,Married
18,12,no,male,26,member,22.2,44,White,Other,Manufacturing,Married
19,11,no,male,16,not_member,3.65,33,White,Other,Other,Unmarried
20,12,no,male,33,not_member,20.55,51,White,Other,Other,Married
21,12,no,female,16,member,5.71,34,White,Other,Manufacturing,Married
22,7,no,male,42,member,7,55,Other,Other,Manufacturing,Married
23,12,no,male,9,not_member,3.75,27,White,Other,Other,Unmarried
24,11,yes,male,14,not_member,4.5,31,Other,Other,Other,Married
25,12,no,male,23,not_member,9.56,41,White,Other,Other,Married
26,6,yes,male,45,not_member,5.75,57,White,Other,Manufacturing,Married
27,12,no,male,8,not_member,9.36,26,White,Other,Manufacturing,Married
28,10,no,male,30,not_member,6.5,46,White,Other,Other,Married
29,12,no,female,8,not_member,3.35,26,White,Other,Manufacturing,Married
30,12,no,male,8,not_member,4.75,26,White,Other,Other,Married
31,14,no,male,13,not_member,8.9,33,White,Other,Other,Unmarried
32,12,yes,female,46,not_member,4,64,White,Other,Other,Unmarried
33,8,no,male,19,not_member,4.7,33,White,Other,Other,Married
34,17,yes,female,1,not_member,5,24,White,Other,Other,Unmarried
35,12,no,male,19,not_member,9.25,37,White,Other,Manufacturing,Unmarried
36,12,no,male,36,not_member,10.67,54,Other,Other,Other,Unmarried
37,12,yes,male,20,not_member,7.61,38,Other,Other,Construction,Married
38,12,no,male,35,member,10,53,Other,Other,Construction,Married
39,12,no,male,3,not_member,7.5,21,White,Other,Other,Unmarried
40,14,yes,male,10,not_member,12.2,30,White,Other,Manufacturing,Married
41,12,no,male,0,not_member,3.35,18,White,Other,Other,Unmarried
42,14,yes,male,14,member,11,34,White,Other,Manufacturing,Married
43,12,no,male,14,not_member,12,32,White,Other,Manufacturing,Married
44,9,no,female,16,not_member,4.85,31,White,Other,Manufacturing,Married
45,13,yes,male,8,not_member,4.3,27,White,Other,Construction,Unmarried
46,7,yes,female,15,not_member,6,28,White,Other,Manufacturing,Married
47,16,no,male,12,not_member,15,34,White,Other,Manufacturing,Married
48,10,yes,male,13,not_member,4.85,29,White,Other,Other,Unmarried
49,8,no,male,33,member,9,47,White,Other,Other,Married
50,12,no,male,9,not_member,6.36,27,White,Other,Manufacturing,Married
51,12,no,male,7,not_member,9.15,25,White,Other,Other,Married
52,16,no,male,13,member,11,35,White,Other,Manufacturing,Married
53,12,no,female,7,not_member,4.5,25,White,Other,Manufacturing,Married
54,12,no,female,16,not_member,4.8,34,White,Other,Manufacturing,Married
55,13,no,male,0,not_member,4,19,White,Other,Other,Unmarried
56,12,no,female,11,not_member,5.5,29,White,Other,Manufacturing,Unmarried
57,13,no,male,17,not_member,8.4,36,White,Other,Manufacturing,Unmarried
58,10,no,male,13,not_member,6.75,29,White,Other,Manufacturing,Married
59,12,no,male,22,member,10,40,Other,Other,Manufacturing,Unmarried
60,12,no,female,28,not_member,5,46,White,Other,Manufacturing,Married
61,11,no,male,17,not_member,6.5,34,White,Other,Other,Unmarried
62,12,no,male,24,member,10.75,42,White,Other,Construction,Married
63,3,yes,male,55,not_member,7,64,Hispanic,Other,Manufacturing,Married
64,12,yes,male,3,not_member,11.43,21,White,Other,Construction,Unmarried
65,12,no,male,6,member,4,24,Other,Other,Manufacturing,Unmarried
66,10,no,male,27,not_member,9,43,White,Other,Construction,Married
67,12,yes,male,19,member,13,37,Other,Other,Manufacturing,Married
68,12,no,male,19,member,12.22,37,White,Other,Construction,Married
69,12,no,female,38,not_member,6.28,56,White,Other,Manufacturing,Married
70,10,yes,male,41,member,6.75,57,Other,Other,Manufacturing,Married
71,11,yes,male,3,not_member,3.35,20,Other,Other,Manufacturing,Unmarried
72,14,no,male,20,member,16,40,White,Other,Other,Married
73,10,no,male,15,not_member,5.25,31,White,Other,Other,Married
74,8,yes,male,8,not_member,3.5,22,Hispanic,Other,Manufacturing,Married
75,8,yes,female,39,not_member,4.22,53,White,Other,Manufacturing,Married
76,6,no,female,43,member,3,55,Hispanic,Other,Manufacturing,Married
77,11,yes,female,25,member,4,42,White,Other,Manufacturing,Married
78,12,no,male,11,member,10,29,White,Other,Other,Married
79,12,no,male,12,not_member,5,30,Other,Other,Other,Married
80,12,yes,male,35,member,16,53,White,Other,Manufacturing,Married
81,14,no,male,14,not_member,13.98,34,White,Other,Other,Unmarried
82,12,no,male,16,member,13.26,34,White,Other,Other,Married
83,10,no,female,44,member,6.1,60,White,Other,Manufacturing,Unmarried
84,16,yes,female,13,not_member,3.75,35,White,Other,Other,Unmarried
85,13,no,male,8,member,9,27,Other,Other,Manufacturing,Unmarried
86,12,no,male,13,not_member,9.45,31,White,Other,Manufacturing,Unmarried
87,11,no,male,18,member,5.5,35,White,Other,Other,Married
88,12,no,female,18,not_member,8.93,36,White,Other,Other,Married
89,12,yes,female,6,not_member,6.25,24,White,Other,Other,Unmarried
90,11,yes,male,37,member,9.75,54,White,Other,Manufacturing,Married
91,12,yes,male,2,not_member,6.73,20,White,Other,Manufacturing,Married
92,12,no,male,23,not_member,7.78,41,White,Other,Manufacturing,Married
93,12,no,male,1,not_member,2.85,19,White,Other,Other,Unmarried
94,12,yes,female,10,not_member,3.35,28,Other,Other,Manufacturing,Married
95,12,no,male,23,not_member,19.98,41,White,Other,Manufacturing,Married
96,12,no,male,8,member,8.5,26,Other,Other,Other,Married
97,15,no,female,9,not_member,9.75,30,White,Other,Manufacturing,Married
98,12,no,male,33,member,15,51,White,Other,Construction,Married
99,12,no,female,19,not_member,8,37,White,Other,Manufacturing,Married
100,13,no,male,14,not_member,11.25,33,White,Other,Other,Married
101,11,no,male,13,member,14,30,White,Other,Other,Married
102,10,no,male,12,not_member,10,28,White,Other,Construction,Married
103,12,no,male,8,not_member,6.5,26,White,Other,Other,Unmarried
104,12,no,male,23,not_member,9.83,41,White,Other,Manufacturing,Married
105,14,no,female,13,not_member,18.5,33,White,Other,Manufacturing,Unmarried
106,12,yes,male,9,not_member,12.5,27,White,Other,Other,Married
107,14,no,male,21,member,26,41,White,Other,Other,Married
108,5,yes,male,44,not_member,14,55,White,Other,Construction,Married
109,12,no,male,4,member,10.5,22,White,Other,Other,Married
110,8,no,male,42,not_member,11,56,White,Other,Manufacturing,Married
111,13,no,male,10,member,12.47,29,White,Other,Other,Married
112,12,no,male,11,not_member,12.5,29,White,Other,Construction,Unmarried
113,12,no,male,40,member,15,58,White,Other,Construction,Married
114,12,no,male,8,not_member,6,26,White,Other,Construction,Unmarried
115,11,yes,male,29,not_member,9.5,46,White,Other,Construction,Married
116,16,no,male,3,member,5,25,White,Other,Other,Unmarried
117,11,no,male,11,not_member,3.75,28,White,Other,Construction,Unmarried
118,12,no,male,12,member,12.57,30,White,Other,Other,Married
119,8,no,female,22,not_member,6.88,36,Hispanic,Other,Other,Married
120,12,no,male,12,not_member,5.5,30,White,Other,Other,Married
121,12,no,male,7,member,7,25,White,Other,Other,Married
122,12,no,female,15,not_member,4.5,33,White,Other,Manufacturing,Unmarried
123,12,no,male,28,not_member,6.5,46,White,Other,Other,Married
124,12,yes,male,20,member,12,38,White,Other,Manufacturing,Married
125,12,yes,male,6,not_member,5,24,White,Other,Construction,Unmarried
126,12,yes,male,5,not_member,6.5,23,White,Other,Manufacturing,Unmarried
127,9,yes,female,30,not_member,6.8,45,White,Other,Manufacturing,Married
128,13,no,male,18,not_member,8.75,37,White,Other,Other,Married
129,12,yes,female,6,not_member,3.75,24,Other,Other,Manufacturing,Married
130,12,yes,male,16,not_member,4.5,34,Hispanic,Other,Other,Unmarried
131,12,yes,male,1,member,6,19,Hispanic,Other,Other,Unmarried
132,12,no,male,3,not_member,5.5,21,White,Other,Manufacturing,Unmarried
133,12,no,male,8,not_member,13,26,White,Other,Other,Married
134,14,no,male,2,not_member,5.65,22,White,Other,Manufacturing,Unmarried
135,9,no,male,16,not_member,4.8,31,Other,Other,Manufacturing,Unmarried
136,10,yes,male,9,not_member,7,25,White,Other,Construction,Married
137,12,no,male,2,not_member,5.25,20,White,Other,Other,Unmarried
138,7,yes,male,43,not_member,3.35,56,White,Other,Manufacturing,Married
139,9,no,male,38,not_member,8.5,53,White,Other,Manufacturing,Married
140,12,no,male,9,not_member,6,27,White,Other,Other,Married
141,12,yes,male,12,not_member,6.75,30,White,Other,Other,Married
142,12,no,male,18,not_member,8.89,36,White,Other,Manufacturing,Married
143,11,no,male,15,member,14.21,32,White,Other,Manufacturing,Unmarried
144,11,yes,male,28,member,10.78,45,Other,Other,Construction,Married
145,10,yes,male,27,member,8.9,43,White,Other,Construction,Married
146,12,yes,male,38,not_member,7.5,56,White,Other,Other,Married
147,12,no,female,3,not_member,4.5,21,White,Other,Manufacturing,Unmarried
148,12,no,male,41,member,11.25,59,White,Other,Other,Married
149,12,yes,male,16,member,13.45,34,White,Other,Other,Married
150,13,yes,male,7,not_member,6,26,White,Other,Manufacturing,Married
151,6,yes,female,33,not_member,4.62,45,Other,Other,Manufacturing,Unmarried
152,14,no,male,25,not_member,10.58,45,White,Other,Manufacturing,Married
153,12,yes,male,5,not_member,5,23,White,Other,Other,Married
154,14,yes,male,17,not_member,8.2,37,Other,Other,Other,Unmarried
155,12,yes,male,1,not_member,6.25,19,White,Other,Other,Unmarried
156,12,no,male,13,not_member,8.5,31,White,Other,Manufacturing,Married
157,16,no,male,18,not_member,24.98,40,White,Management,Other,Married
158,14,yes,male,21,not_member,16.65,41,White,Management,Other,Married
159,14,no,male,2,not_member,6.25,22,White,Management,Other,Unmarried
160,12,yes,female,4,not_member,4.55,22,Hispanic,Management,Other,Unmarried
161,12,yes,female,30,not_member,11.25,48,Hispanic,Management,Other,Married
162,13,no,male,32,not_member,21.25,51,White,Management,Other,Unmarried
163,17,no,female,13,not_member,12.65,36,White,Management,Other,Married
164,12,no,male,17,not_member,7.5,35,White,Management,Other,Unmarried
165,14,no,female,26,not_member,10.25,46,White,Management,Other,Married
166,16,no,male,9,not_member,3.35,31,White,Management,Other,Unmarried
167,16,no,male,8,not_member,13.45,30,Other,Management,Other,Unmarried
168,15,no,male,1,member,4.84,22,White,Management,Other,Married
169,17,yes,male,32,not_member,26.29,55,White,Management,Other,Married
170,12,no,female,24,not_member,6.58,42,White,Management,Other,Married
171,14,no,female,1,not_member,44.5,21,White,Management,Other,Unmarried
172,12,no,male,42,not_member,15,60,White,Management,Manufacturing,Married
173,16,no,female,3,not_member,11.25,25,Other,Management,Manufacturing,Unmarried
174,12,no,female,32,not_member,7,50,White,Management,Other,Married
175,14,no,male,22,not_member,10,42,Other,Management,Other,Unmarried
176,16,no,male,18,not_member,14.53,40,White,Management,Other,Married
177,18,no,female,19,not_member,20,43,White,Management,Other,Married
178,15,no,male,12,not_member,22.5,33,White,Management,Other,Married
179,12,no,female,42,not_member,3.64,60,White,Management,Other,Married
180,12,yes,male,34,not_member,10.62,52,White,Management,Other,Married
181,18,no,male,29,not_member,24.98,53,White,Management,Other,Married
182,16,yes,male,8,not_member,6,30,White,Management,Other,Unmarried
183,18,no,male,13,not_member,19,37,White,Management,Manufacturing,Unmarried
184,16,no,male,10,not_member,13.2,32,White,Management,Other,Unmarried
185,16,no,male,22,not_member,22.5,44,White,Management,Other,Married
186,16,yes,male,10,not_member,15,32,White,Management,Other,Married
187,17,no,female,15,not_member,6.88,38,White,Management,Other,Married
188,12,no,male,26,not_member,11.84,44,White,Management,Other,Married
189,14,no,male,16,not_member,16.14,36,White,Management,Other,Unmarried
190,18,no,female,14,not_member,13.95,38,White,Management,Other,Married
191,12,no,female,38,not_member,13.16,56,White,Management,Other,Married
192,12,yes,male,14,not_member,5.3,32,Other,Management,Other,Married
193,12,no,female,7,not_member,4.5,25,White,Management,Other,Married
194,18,yes,female,13,not_member,10,37,White,Management,Other,Unmarried
195,10,no,male,20,not_member,10,36,White,Management,Other,Married
196,16,no,male,7,member,10,29,Hispanic,Management,Other,Married
197,16,no,female,26,not_member,9.37,48,White,Management,Other,Married
198,16,no,male,14,not_member,5.8,36,White,Management,Other,Married
199,13,no,male,36,not_member,17.86,55,White,Management,Other,Unmarried
200,12,no,male,24,not_member,1,42,White,Management,Other,Married
201,14,yes,male,41,not_member,8.8,61,White,Management,Other,Married
202,16,no,male,7,not_member,9,29,Other,Management,Other,Married
203,17,yes,male,14,not_member,18.16,37,White,Management,Other,Unmarried
204,12,yes,female,1,not_member,7.81,19,White,Management,Other,Unmarried
205,16,no,female,6,not_member,10.62,28,White,Management,Manufacturing,Married
206,12,no,female,3,not_member,4.5,21,White,Management,Other,Married
207,15,no,male,31,not_member,17.25,52,White,Management,Other,Married
208,13,no,female,14,not_member,10.5,33,White,Management,Manufacturing,Married
209,14,no,female,13,not_member,9.22,33,White,Management,Other,Married
210,16,no,male,26,member,15,48,Other,Management,Manufacturing,Married
211,18,no,male,14,not_member,22.5,38,White,Management,Other,Married
212,13,no,female,33,not_member,4.55,52,White,Sales,Other,Married
213,12,no,male,16,not_member,9,34,White,Sales,Other,Married
214,18,no,male,10,not_member,13.33,34,White,Sales,Other,Married
215,14,no,male,22,not_member,15,42,White,Sales,Other,Unmarried
216,14,no,male,2,not_member,7.5,22,White,Sales,Other,Unmarried
217,12,yes,female,29,not_member,4.25,47,White,Sales,Other,Married
218,12,no,male,43,not_member,12.5,61,White,Sales,Manufacturing,Married
219,12,no,female,5,not_member,5.13,23,White,Sales,Other,Married
220,16,yes,female,14,not_member,3.35,36,Other,Sales,Other,Married
221,12,yes,male,28,not_member,11.11,46,White,Sales,Other,Married
222,11,yes,female,25,not_member,3.84,42,Other,Sales,Other,Married
223,12,no,female,45,not_member,6.4,63,White,Sales,Other,Married
224,14,yes,male,5,not_member,5.56,25,White,Sales,Other,Unmarried
225,12,yes,male,20,not_member,10,38,White,Sales,Manufacturing,Married
226,16,no,female,6,not_member,5.65,28,White,Sales,Other,Married
227,16,no,male,16,not_member,11.5,38,White,Sales,Other,Married
228,11,no,female,33,not_member,3.5,50,White,Sales,Other,Married
229,13,yes,female,2,not_member,3.35,21,White,Sales,Other,Married
230,12,yes,female,10,not_member,4.75,28,White,Sales,Other,Unmarried
231,14,yes,male,44,not_member,19.98,64,White,Sales,Other,Married
232,14,yes,female,6,not_member,3.5,26,White,Sales,Other,Married
233,12,no,female,15,not_member,4,33,White,Sales,Other,Unmarried
234,12,no,male,5,not_member,7,23,White,Sales,Other,Married
235,13,no,female,4,not_member,6.25,23,White,Sales,Manufacturing,Married
236,14,no,male,14,not_member,4.5,34,White,Sales,Other,Married
237,14,no,female,32,not_member,14.29,52,White,Sales,Other,Married
238,12,no,female,14,not_member,5,32,White,Sales,Other,Married
239,14,no,male,21,not_member,13.75,41,White,Sales,Other,Married
240,12,no,male,43,member,13.71,61,White,Sales,Other,Married
241,12,yes,female,27,not_member,7.5,45,Other,Sales,Other,Married
242,12,no,female,4,not_member,3.8,22,White,Sales,Other,Unmarried
243,14,no,male,0,not_member,5,20,Hispanic,Sales,Other,Unmarried
244,12,yes,male,32,not_member,9.42,50,White,Sales,Other,Married
245,12,no,male,20,not_member,5.5,38,White,Sales,Other,Married
246,15,yes,male,4,not_member,3.75,25,White,Sales,Other,Unmarried
247,12,no,male,34,not_member,3.5,52,White,Sales,Other,Married
248,13,no,male,5,not_member,5.8,24,White,Sales,Other,Unmarried
249,17,no,male,13,not_member,12,36,White,Sales,Manufacturing,Married
250,14,no,female,17,not_member,5,37,Hispanic,Clerical,Other,Married
251,13,yes,female,10,not_member,8.75,29,White,Clerical,Other,Married
252,16,no,female,7,not_member,10,29,White,Clerical,Other,Married
253,12,no,female,25,not_member,8.5,43,White,Clerical,Other,Unmarried
254,12,no,female,18,not_member,8.63,36,Other,Clerical,Other,Married
255,16,no,female,27,not_member,9,49,White,Clerical,Manufacturing,Married
256,16,no,female,2,not_member,5.5,24,White,Clerical,Other,Unmarried
257,13,no,male,13,not_member,11.11,32,White,Clerical,Other,Married
258,14,no,female,24,not_member,10,44,White,Clerical,Other,Unmarried
259,18,yes,female,13,not_member,5.2,37,Hispanic,Clerical,Other,Married
260,14,no,female,15,member,8,35,White,Clerical,Other,Unmarried
261,12,yes,female,12,not_member,3.56,30,Hispanic,Clerical,Other,Unmarried
262,12,no,female,24,not_member,5.2,42,White,Clerical,Other,Married
263,12,no,female,43,not_member,11.67,61,White,Clerical,Construction,Married
264,12,no,female,13,not_member,11.32,31,White,Clerical,Manufacturing,Married
265,12,yes,female,16,not_member,7.5,34,White,Clerical,Other,Married
266,11,no,female,24,not_member,5.5,41,White,Clerical,Other,Married
267,16,yes,female,4,not_member,5,26,White,Clerical,Other,Married
268,12,no,female,24,not_member,7.75,42,White,Clerical,Other,Married
269,12,no,female,45,not_member,5.25,63,White,Clerical,Other,Married
270,12,no,male,20,member,9,38,White,Clerical,Other,Married
271,12,no,female,38,not_member,9.65,56,White,Clerical,Other,Married
272,18,yes,male,10,not_member,5.21,34,White,Clerical,Other,Married
273,11,no,female,16,not_member,7,33,Other,Clerical,Other,Married
274,12,yes,female,32,not_member,12.16,50,Other,Clerical,Other,Married
275,16,yes,female,2,not_member,5.25,24,White,Clerical,Other,Unmarried
276,13,yes,female,28,not_member,10.32,47,White,Clerical,Other,Unmarried
277,16,no,male,3,not_member,3.35,25,Other,Clerical,Other,Unmarried
278,13,no,female,8,member,7.7,27,White,Clerical,Other,Unmarried
279,12,no,female,44,not_member,9.17,62,White,Clerical,Manufacturing,Married
280,12,yes,male,12,not_member,8.43,30,White,Clerical,Other,Married
281,12,yes,male,8,not_member,4,26,Other,Clerical,Other,Married
282,12,no,female,4,not_member,4.13,22,White,Clerical,Other,Married
283,12,yes,female,28,not_member,3,46,White,Clerical,Other,Married
284,13,yes,female,0,not_member,4.25,19,White,Clerical,Other,Unmarried
285,14,yes,male,1,not_member,7.53,21,White,Clerical,Other,Unmarried
286,14,no,female,12,not_member,10.53,32,White,Clerical,Manufacturing,Married
287,12,no,female,39,not_member,5,57,White,Clerical,Other,Married
288,12,no,female,24,not_member,15.03,42,White,Clerical,Other,Married
289,17,no,female,32,not_member,11.25,55,Other,Clerical,Other,Married
290,16,no,male,4,not_member,6.25,26,Other,Clerical,Other,Unmarried
291,12,no,female,25,not_member,3.5,43,Other,Clerical,Other,Unmarried
292,12,no,male,8,not_member,6.85,26,Other,Clerical,Other,Unmarried
293,13,no,female,16,not_member,12.5,35,White,Clerical,Other,Married
294,12,yes,male,5,not_member,12,23,White,Clerical,Other,Unmarried
295,13,no,male,31,not_member,6,50,White,Clerical,Other,Unmarried
296,12,no,female,25,not_member,9.5,43,White,Clerical,Other,Unmarried
297,12,no,female,15,not_member,4.1,33,White,Clerical,Other,Married
298,14,yes,female,15,not_member,10.43,35,White,Clerical,Other,Married
299,12,no,female,0,not_member,5,18,White,Clerical,Other,Unmarried
300,12,no,male,19,not_member,7.69,37,White,Clerical,Other,Married
301,12,no,female,21,not_member,5.5,39,Other,Clerical,Other,Unmarried
302,12,no,female,6,not_member,6.4,24,White,Clerical,Other,Unmarried
303,12,no,female,14,member,12.5,32,White,Clerical,Other,Married
304,13,no,female,30,not_member,6.25,49,White,Clerical,Other,Married
305,12,no,female,8,not_member,8,26,White,Clerical,Other,Unmarried
306,9,no,male,33,member,9.6,48,White,Clerical,Other,Unmarried
307,13,no,male,16,not_member,9.1,35,Hispanic,Clerical,Other,Unmarried
308,12,yes,female,20,not_member,7.5,38,White,Clerical,Other,Unmarried
309,13,yes,female,6,not_member,5,25,White,Clerical,Other,Married
310,12,no,female,10,member,7,28,White,Clerical,Other,Married
311,13,yes,female,1,not_member,3.55,20,White,Clerical,Other,Unmarried
312,12,yes,male,2,not_member,8.5,20,Other,Clerical,Other,Unmarried
313,13,yes,female,0,not_member,4.5,19,White,Clerical,Other,Unmarried
314,16,no,male,17,not_member,7.88,39,Other,Clerical,Other,Married
315,12,no,female,8,not_member,5.25,26,White,Clerical,Other,Unmarried
316,12,yes,male,4,not_member,5,22,White,Clerical,Other,Unmarried
317,12,no,female,15,not_member,9.33,33,White,Clerical,Other,Unmarried
318,12,no,female,29,not_member,10.5,47,White,Clerical,Other,Married
319,12,yes,female,23,not_member,7.5,41,Other,Clerical,Other,Married
320,12,yes,female,39,not_member,9.5,57,White,Clerical,Other,Married
321,12,yes,female,14,not_member,9.6,32,White,Clerical,Other,Married
322,17,yes,female,6,not_member,5.87,29,Other,Clerical,Other,Unmarried
323,14,yes,male,12,member,11.02,32,White,Clerical,Other,Married
324,12,yes,female,26,not_member,5,44,White,Clerical,Other,Unmarried
325,14,no,female,32,not_member,5.62,52,White,Clerical,Other,Married
326,15,no,female,6,not_member,12.5,27,White,Clerical,Other,Married
327,12,no,female,40,not_member,10.81,58,White,Clerical,Other,Married
328,12,no,female,18,not_member,5.4,36,White,Clerical,Manufacturing,Married
329,11,no,female,12,not_member,7,29,White,Clerical,Other,Unmarried
330,12,yes,female,36,not_member,4.59,54,White,Clerical,Construction,Married
331,12,no,female,19,not_member,6,37,White,Clerical,Other,Married
332,16,no,female,42,not_member,11.71,64,White,Clerical,Manufacturing,Unmarried
333,13,no,female,2,not_member,5.62,21,Hispanic,Clerical,Other,Married
334,12,no,female,33,not_member,5.5,51,White,Clerical,Other,Married
335,12,yes,female,14,not_member,4.85,32,White,Clerical,Other,Married
336,12,no,male,22,not_member,6.75,40,White,Clerical,Other,Unmarried
337,12,no,female,20,not_member,4.25,38,White,Clerical,Other,Married
338,12,no,female,15,not_member,5.75,33,White,Clerical,Other,Married
339,12,no,male,35,not_member,3.5,53,White,Clerical,Other,Married
340,12,no,female,7,not_member,3.35,25,White,Clerical,Other,Married
341,12,no,female,45,not_member,10.62,63,White,Clerical,Manufacturing,Unmarried
342,12,no,female,9,not_member,8,27,White,Clerical,Other,Unmarried
343,12,yes,female,2,not_member,4.75,20,White,Clerical,Other,Married
344,17,yes,male,3,not_member,8.5,26,White,Clerical,Other,Unmarried
345,14,no,female,19,member,8.85,39,Other,Clerical,Other,Married
346,12,yes,female,14,not_member,8,32,White,Clerical,Other,Married
347,4,no,male,54,not_member,6,64,White,Service,Other,Married
348,14,no,male,17,not_member,7.14,37,White,Service,Other,Married
349,8,no,female,29,not_member,3.4,43,Other,Service,Other,Married
350,15,yes,female,26,not_member,6,47,White,Service,Other,Unmarried
351,2,no,male,16,not_member,3.75,24,Hispanic,Service,Other,Unmarried
352,8,no,female,29,not_member,8.89,43,Other,Service,Other,Unmarried
353,11,no,female,20,not_member,4.35,37,White,Service,Other,Married
354,10,yes,female,38,not_member,13.1,54,Other,Service,Other,Married
355,8,yes,female,37,not_member,4.35,51,Other,Service,Other,Married
356,9,no,male,48,not_member,3.5,63,White,Service,Other,Unmarried
357,12,no,female,16,not_member,3.8,34,White,Service,Other,Unmarried
358,8,no,female,38,not_member,5.26,52,White,Service,Other,Married
359,14,no,male,0,not_member,3.35,20,Other,Service,Other,Unmarried
360,12,no,male,14,member,16.26,32,Other,Service,Other,Unmarried
361,12,no,female,2,not_member,4.25,20,White,Service,Other,Married
362,16,no,male,21,not_member,4.5,43,White,Service,Other,Married
363,13,no,female,15,not_member,8,34,White,Service,Other,Married
364,16,no,female,20,not_member,4,42,White,Service,Other,Unmarried
365,14,no,female,12,not_member,7.96,32,White,Service,Other,Married
366,12,yes,male,7,not_member,4,25,Hispanic,Service,Other,Unmarried
367,11,no,male,4,not_member,4.15,21,White,Service,Other,Married
368,13,yes,male,9,not_member,5.95,28,White,Service,Other,Married
369,12,yes,female,43,not_member,3.6,61,Hispanic,Service,Other,Married
370,10,yes,male,19,not_member,8.75,35,White,Service,Other,Unmarried
371,8,no,female,49,not_member,3.4,63,White,Service,Other,Unmarried
372,12,no,female,38,not_member,4.28,56,White,Service,Other,Married
373,12,no,female,13,not_member,5.35,31,White,Service,Other,Married
374,12,no,female,14,not_member,5,32,White,Service,Other,Married
375,12,no,male,20,not_member,7.65,38,White,Service,Other,Unmarried
376,12,no,female,7,not_member,6.94,25,White,Service,Other,Unmarried
377,12,no,female,9,member,7.5,27,White,Service,Manufacturing,Married
378,12,no,female,6,not_member,3.6,24,White,Service,Other,Unmarried
379,12,yes,female,5,not_member,1.75,23,White,Service,Other,Married
380,13,yes,female,1,not_member,3.45,20,Other,Service,Other,Unmarried
381,14,no,male,22,member,9.63,42,White,Service,Other,Married
382,12,no,female,24,not_member,8.49,42,White,Service,Other,Married
383,12,no,female,15,member,8.99,33,White,Service,Other,Unmarried
384,11,yes,female,8,not_member,3.65,25,White,Service,Other,Married
385,11,yes,female,17,not_member,3.5,34,White,Service,Other,Married
386,12,yes,male,2,not_member,3.43,20,Other,Service,Other,Unmarried
387,12,yes,male,20,not_member,5.5,38,White,Service,Other,Married
388,12,no,male,26,member,6.93,44,White,Service,Other,Married
389,10,yes,female,37,not_member,3.51,53,Other,Service,Other,Married
390,12,no,female,41,not_member,3.75,59,White,Service,Other,Unmarried
391,12,no,female,27,not_member,4.17,45,White,Service,Other,Married
392,12,no,female,5,member,9.57,23,White,Service,Other,Married
393,14,no,male,16,not_member,14.67,36,Other,Service,Other,Married
394,14,no,female,19,not_member,12.5,39,White,Service,Other,Married
395,12,no,male,10,not_member,5.5,28,White,Service,Other,Married
396,13,yes,male,1,member,5.15,20,White,Service,Other,Unmarried
397,12,no,female,43,member,8,61,Other,Service,Other,Married
398,13,no,male,3,not_member,5.83,22,Other,Service,Other,Unmarried
399,12,no,female,0,not_member,3.35,18,White,Service,Other,Unmarried
400,12,yes,female,26,not_member,7,44,White,Service,Other,Married
401,10,no,female,25,member,10,41,White,Service,Other,Married
402,12,no,female,15,not_member,8,33,White,Service,Other,Married
403,14,yes,female,10,not_member,6.88,30,White,Service,Other,Unmarried
404,11,no,female,45,member,5.55,62,White,Service,Other,Unmarried
405,11,no,male,3,not_member,7.5,20,Other,Service,Other,Unmarried
406,8,no,male,47,member,8.93,61,Hispanic,Service,Other,Married
407,16,no,female,6,not_member,9,28,Other,Service,Other,Married
408,10,yes,female,33,not_member,3.5,49,White,Service,Other,Unmarried
409,16,no,male,3,not_member,5.77,25,White,Service,Manufacturing,Unmarried
410,14,no,male,4,member,25,24,Hispanic,Service,Other,Unmarried
411,14,no,male,34,member,6.85,54,Other,Service,Other,Married
412,11,yes,male,39,not_member,6.5,56,White,Service,Other,Married
413,12,yes,female,17,not_member,3.75,35,White,Service,Other,Married
414,9,no,male,47,member,3.5,62,White,Service,Other,Married
415,11,no,male,2,not_member,4.5,19,White,Service,Other,Unmarried
416,13,yes,male,0,not_member,2.01,19,White,Service,Other,Unmarried
417,14,no,female,24,not_member,4.17,44,White,Service,Other,Unmarried
418,12,no,male,25,member,13,43,Other,Service,Other,Married
419,14,no,female,6,not_member,3.98,26,White,Service,Other,Unmarried
420,12,no,female,10,not_member,7.5,28,White,Service,Other,Unmarried
421,12,no,female,33,not_member,13.12,51,Other,Service,Other,Married
422,12,no,male,12,not_member,4,30,White,Service,Other,Unmarried
423,12,yes,female,9,not_member,3.95,27,White,Service,Other,Married
424,11,yes,male,18,member,13,35,White,Service,Other,Married
425,12,no,male,10,not_member,9,28,White,Service,Other,Married
426,8,yes,female,45,not_member,4.55,59,White,Service,Other,Unmarried
427,9,no,female,46,member,9.5,61,White,Service,Other,Married
428,7,yes,male,14,not_member,4.5,27,Hispanic,Service,Other,Married
429,11,no,female,36,not_member,8.75,53,White,Service,Other,Unmarried
430,13,no,male,34,member,10,53,White,Professional,Construction,Married
431,18,no,male,15,not_member,18,39,White,Professional,Other,Married
432,17,no,male,31,not_member,24.98,54,White,Professional,Manufacturing,Married
433,16,no,female,6,not_member,12.05,28,White,Professional,Manufacturing,Unmarried
434,14,yes,male,15,not_member,22,35,White,Professional,Other,Married
435,12,no,male,30,not_member,8.75,48,White,Professional,Other,Married
436,18,no,male,8,not_member,22.2,32,White,Professional,Other,Married
437,18,no,male,5,not_member,17.25,29,White,Professional,Manufacturing,Married
438,17,no,female,3,member,6,26,White,Professional,Other,Unmarried
439,13,yes,male,17,not_member,8.06,36,White,Professional,Other,Married
440,16,no,male,5,member,9.24,27,Other,Professional,Manufacturing,Married
441,14,no,female,10,not_member,12,30,White,Professional,Other,Married
442,15,no,female,33,not_member,10.61,54,White,Professional,Other,Unmarried
443,18,no,male,3,not_member,5.71,27,White,Professional,Other,Married
444,16,no,female,0,not_member,10,18,White,Professional,Other,Unmarried
445,16,yes,male,13,not_member,17.5,35,Other,Professional,Other,Married
446,18,no,male,12,not_member,15,36,White,Professional,Other,Married
447,16,no,female,6,not_member,7.78,28,White,Professional,Other,Married
448,17,no,male,7,not_member,7.8,30,White,Professional,Other,Married
449,16,yes,male,14,member,10,36,White,Professional,Other,Married
450,17,no,female,5,not_member,24.98,28,White,Professional,Other,Unmarried
451,15,yes,female,10,not_member,10.28,31,White,Professional,Other,Married
452,18,no,female,11,not_member,15,35,White,Professional,Other,Married
453,17,no,female,24,not_member,12,47,White,Professional,Other,Married
454,16,no,male,9,not_member,10.58,31,White,Professional,Manufacturing,Unmarried
455,18,yes,male,12,not_member,5.85,36,White,Professional,Other,Married
456,18,no,male,19,not_member,11.22,43,White,Professional,Other,Married
457,14,no,female,14,not_member,8.56,34,White,Professional,Other,Married
458,16,no,female,17,not_member,13.89,39,White,Professional,Manufacturing,Unmarried
459,18,yes,male,7,not_member,5.71,31,White,Professional,Other,Unmarried
460,18,no,male,7,not_member,15.79,31,White,Professional,Other,Married
461,16,no,female,22,not_member,7.5,44,White,Professional,Other,Married
462,12,no,female,28,not_member,11.25,46,White,Professional,Other,Married
463,16,no,female,16,not_member,6.15,38,White,Professional,Other,Unmarried
464,16,yes,male,16,not_member,13.45,38,Other,Professional,Other,Unmarried
465,16,no,female,7,not_member,6.25,29,White,Professional,Other,Married
466,12,no,female,11,not_member,6.5,29,White,Professional,Other,Unmarried
467,12,no,female,11,not_member,12,29,White,Professional,Other,Married
468,12,no,female,16,not_member,8.5,34,White,Professional,Other,Unmarried
469,18,no,male,33,member,8,57,White,Professional,Other,Unmarried
470,12,yes,female,21,not_member,5.75,39,White,Professional,Other,Married
471,16,no,male,4,not_member,15.73,26,White,Professional,Manufacturing,Married
472,15,no,male,13,not_member,9.86,34,White,Professional,Other,Married
473,18,no,male,14,member,13.51,38,White,Professional,Other,Married
474,16,no,female,10,not_member,5.4,32,White,Professional,Other,Married
475,18,yes,male,14,not_member,6.25,38,White,Professional,Other,Married
476,16,yes,male,29,not_member,5.5,51,White,Professional,Other,Married
477,12,no,male,4,not_member,5,22,Hispanic,Professional,Other,Unmarried
478,18,no,male,27,not_member,6.25,51,Other,Professional,Other,Married
479,12,no,male,3,not_member,5.75,21,White,Professional,Other,Married
480,16,yes,male,14,member,20.5,36,White,Professional,Other,Married
481,14,no,male,0,not_member,5,20,White,Professional,Construction,Married
482,18,no,male,33,not_member,7,57,White,Professional,Other,Married
483,16,yes,male,38,not_member,18,60,White,Professional,Other,Married
484,18,no,female,18,member,12,42,White,Professional,Other,Married
485,17,no,male,3,not_member,20.4,26,White,Professional,Manufacturing,Unmarried
486,18,no,female,40,not_member,22.2,64,White,Professional,Other,Unmarried
487,14,no,male,19,not_member,16.42,39,White,Professional,Manufacturing,Unmarried
488,14,no,female,4,not_member,8.63,24,White,Professional,Other,Unmarried
489,16,no,female,11,not_member,19.38,33,White,Professional,Other,Married
490,16,no,female,16,not_member,14,38,White,Professional,Other,Married
491,14,no,male,22,not_member,10,42,White,Professional,Other,Married
492,17,no,female,13,member,15.95,36,White,Professional,Other,Unmarried
493,16,yes,female,28,member,20,50,White,Professional,Other,Married
494,16,no,female,10,not_member,10,32,White,Professional,Other,Married
495,16,yes,female,5,not_member,24.98,27,White,Professional,Other,Unmarried
496,15,no,male,5,not_member,11.25,26,White,Professional,Other,Unmarried
497,18,no,female,37,not_member,22.83,61,White,Professional,Manufacturing,Unmarried
498,17,no,female,26,member,10.2,49,White,Professional,Other,Married
499,16,yes,female,4,not_member,10,26,White,Professional,Other,Married
500,18,no,female,31,member,14,55,White,Professional,Other,Unmarried
501,17,no,female,13,member,12.5,36,White,Professional,Other,Married
502,12,no,female,42,not_member,5.79,60,White,Professional,Other,Married
503,17,no,male,18,not_member,24.98,41,Hispanic,Professional,Other,Married
504,12,no,female,3,not_member,4.35,21,White,Professional,Other,Married
505,17,no,female,10,not_member,11.25,33,White,Professional,Other,Unmarried
506,16,no,female,10,member,6.67,32,White,Professional,Other,Unmarried
507,16,no,female,17,not_member,8,39,Hispanic,Professional,Other,Married
508,18,no,male,7,not_member,18.16,31,White,Professional,Other,Married
509,16,no,female,14,not_member,12,36,White,Professional,Other,Married
510,16,no,female,22,member,8.89,44,White,Professional,Other,Married
511,17,no,female,14,not_member,9.5,37,White,Professional,Other,Married
512,16,no,male,11,not_member,13.65,33,White,Professional,Other,Married
513,18,no,male,23,member,12,47,White,Professional,Other,Married
514,12,no,male,39,member,15,57,White,Professional,Other,Married
515,16,no,male,15,not_member,12.67,37,White,Professional,Other,Married
516,14,no,female,15,not_member,7.38,35,Hispanic,Professional,Other,Unmarried
517,16,no,male,10,not_member,15.56,32,White,Professional,Other,Unmarried
518,12,yes,female,25,not_member,7.45,43,White,Professional,Other,Unmarried
519,14,no,female,12,not_member,6.25,32,White,Professional,Other,Married
520,16,yes,female,7,not_member,6.25,29,Hispanic,Professional,Other,Married
521,17,no,male,7,member,9.37,30,White,Professional,Other,Married
522,16,no,male,17,not_member,22.5,39,White,Professional,Manufacturing,Married
523,16,no,male,10,member,7.5,32,White,Professional,Other,Married
524,17,yes,male,2,not_member,7,25,White,Professional,Other,Married
525,9,yes,female,34,member,5.75,49,Other,Professional,Other,Married
526,15,no,female,11,not_member,7.67,32,White,Professional,Other,Married
527,15,no,male,10,not_member,12.5,31,White,Professional,Other,Unmarried
528,12,yes,male,12,not_member,16,30,White,Professional,Other,Married
529,16,no,female,6,member,11.79,28,White,Professional,Other,Unmarried
530,18,no,male,5,not_member,11.36,29,White,Professional,Other,Unmarried
531,12,no,female,33,not_member,6.1,51,Other,Professional,Other,Married
532,17,no,female,25,member,23.25,48,Other,Professional,Other,Married
533,12,yes,male,13,member,19.88,31,White,Professional,Other,Married
534,16,no,male,33,not_member,15.38,55,White,Professional,Manufacturing,Married